EIP,Replies,Views,Likes,Links,Created Date,Users,year
20.0,54,16752,50,33,01Dec2022,34,2022
150.0,0,0,0,0,12Jun2018,1,2018
155.0,1,230,0,0,01Jun2023,1,2023
165.0,0,0,0,0,21Dec2023,1,2023
223.0,8,1991,1,3,09Feb2023,6,2023
225.0,1,5140,6,3,09Nov2018,2,2018
615.0,183,14049,117,41,12Jul2019,21,2019
627.0,0,0,0,0,15Dec2018,1,2018
634.0,1,262,3,2,05May2023,2,2023
663.0,55,6906,21,15,02Jun2019,14,2019
665.0,1,568,0,1,01Dec2023,2,2023
681.0,13,7374,14,7,05Jul2018,9,2018
684.0,4,424,0,4,27Mar2023,2,2023
689.0,5,935,0,11,11Aug2019,2,2019
695.0,25,5226,14,11,08Nov2018,8,2018
712.0,38,21931,37,25,08Sep2023,27,2023
721.0,55,13846,29,42,02Mar2022,44,2022
725.0,3,1408,2,6,15Dec2022,3,2022
777.0,2,1017,5,6,02Mar2021,4,2021
778.0,0,0,0,0,08Dec2020,1,2020
902.0,1,2492,2,1,21Oct2018,2,2018
908.0,7,3256,2,5,28Apr2018,2,2018
998.0,0,0,0,0,17May2018,1,2018
999.0,124,23352,193,25,15Apr2018,54,2018
1011.0,1,675,1,2,15Jun2018,2,2018
1014.0,93,16209,55,19,08Feb2019,26,2019
1015.0,16,3795,5,2,20Apr2018,5,2018
1046.0,3,1175,1,3,23Feb2023,3,2023
1051.0,23,4151,25,9,02May2018,7,2018
1052.0,10,5166,6,6,02May2018,10,2018
1057.0,11,2716,28,11,27Jan2021,7,2021
1062.0,31,5273,27,8,05May2018,10,2018
1066.0,49,13055,41,31,05May2018,18,2018
1077.0,27,13632,23,11,14May2018,13,2018
1080.0,13,4483,4,3,15May2018,5,2018
1087.0,45,6001,27,5,17May2018,14,2018
1102.0,68,15157,68,27,18May2018,23,2018
1108.0,7,4190,9,7,26Apr2019,5,2019
1109.0,13,5844,0,10,22May2018,4,2018
1132.0,1,1604,0,2,14Aug2018,1,2018
1153.0,126,26638,90,76,09Sep2022,34,2022
1155.0,17,4022,2,7,09Jun2022,10,2022
1167.0,2,749,2,1,02Aug2018,4,2018
1185.0,1,2644,3,2,15Oct2018,2,2018
1202.0,1,1571,0,4,09Jul2018,1,2018
1234.0,31,9565,14,18,19Jul2018,10,2018
1240.0,9,3604,6,5,21Jul2018,5,2018
1271.0,0,0,0,0,05Aug2020,1,2020
1276.0,7,2797,3,2,31Jul2018,6,2018
1283.0,107,10910,85,23,10Jul2019,29,2019
1285.0,0,0,0,0,03Aug2018,1,2018
1344.0,117,13389,90,35,22Aug2018,17,2018
1352.0,28,5446,20,12,24Aug2018,13,2018
1355.0,5,3952,3,2,27Aug2018,4,2018
1363.0,3,439,0,9,23Oct2023,2,2023
1380.0,21,4623,6,14,04Sep2018,11,2018
1418.0,0,0,0,0,08Sep2022,1,2022
1444.0,0,0,0,0,24Sep2018,1,2018
1459.0,0,0,0,0,28Sep2021,1,2021
1462.0,4,5140,2,2,01Oct2018,3,2018
1482.0,6,3762,4,6,09Oct2018,5,2018
1485.0,0,0,0,0,05Nov2018,1,2018
1559.0,448,106472,431,78,01Mar2019,103,2019
1581.0,0,0,0,0,28Nov2018,1,2018
1803.0,7,3119,4,3,02Jun2019,3,2019
1812.0,2,3683,2,3,03Mar2019,3,2019
1822.0,32,7804,22,11,04Mar2019,12,2019
1844.0,1,2400,0,1,15Mar2019,2,2019
1884.0,68,9493,39,29,29Mar2019,21,2019
1898.0,0,0,0,0,16Nov2022,1,2022
1900.0,0,0,0,0,25Jun2019,1,2019
1930.0,0,0,0,0,13Apr2019,1,2019
1948.0,2,2972,7,3,15Apr2019,2,2019
1959.0,12,3968,1,9,21Apr2019,2,2019
1962.0,1,997,0,2,09Mar2020,2,2020
1965.0,5,2545,1,3,24Apr2019,2,2019
1967.0,24,8954,26,13,24Apr2019,9,2019
1973.0,0,0,0,0,29Aug2019,1,2019
1985.0,41,5802,14,11,30Apr2019,8,2019
2014.0,5,2802,2,3,20May2019,4,2019
2025.0,12,5752,17,7,15May2019,11,2019
2026.0,2,2098,1,2,14May2019,2,2019
2027.0,0,0,0,0,14May2019,1,2019
2028.0,35,17694,34,35,15May2019,16,2019
2029.0,2,2144,0,1,15May2019,2,2019
2031.0,0,0,0,0,15May2019,1,2019
2035.0,1,2244,0,2,16May2019,2,2019
2045.0,22,4696,1,10,24May2019,9,2019
2046.0,6,3789,0,6,18May2019,6,2019
2135.0,17,2451,3,5,03Jul2019,5,2019
2242.0,11,3203,0,6,17Aug2019,3,2019
2266.0,3,868,3,5,17Feb2021,3,2021
2294.0,24,2974,22,13,28Sep2022,6,2022
2315.0,197,37259,51,44,22Jan2020,20,2020
2330.0,20,4801,22,7,29Oct2019,11,2019
2384.0,17,20813,7,12,22Nov2019,10,2019
2386.0,1,1804,1,4,21Nov2019,2,2019
2400.0,5,2466,5,4,26Nov2019,2,2019
2470.0,51,5771,15,20,15Jan2020,9,2020
2481.0,0,0,0,0,13Dec2022,1,2022
2488.0,2,1821,0,1,24Jan2020,2,2020
2494.0,0,0,0,0,29Jan2020,1,2020
2515.0,5,4392,6,4,11Feb2020,3,2020
2535.0,19,4131,2,16,15Jul2021,3,2021
2537.0,50,23114,39,15,07Apr2020,27,2020
2539.0,1,789,0,2,17Sep2020,3,2020
2542.0,7,1562,0,3,03Mar2020,2,2020
2544.0,5,3096,5,2,28Feb2020,5,2020
2565.0,25,16620,1,12,21Mar2020,6,2020
2566.0,0,0,0,0,23Mar2020,1,2020
2569.0,17,4325,2,4,27Mar2020,6,2020
2583.0,4,2001,1,1,10Apr2020,2,2020
2612.0,1,549,0,4,20Aug2023,2,2023
2666.0,1,1627,0,2,03Jun2020,1,2020
2677.0,9,2513,0,3,28Aug2020,6,2020
2681.0,25,3185,4,4,29May2020,7,2020
2711.0,52,5544,13,17,11Jun2020,12,2020
2718.0,75,31048,33,15,13Jun2020,17,2020
2733.0,9,2274,5,8,17Jun2020,5,2020
2746.0,2,1538,1,3,19Jul2020,2,2020
2771.0,10,4785,2,4,08Aug2020,7,2020
2831.0,13,2593,1,6,26Jul2020,6,2020
2848.0,4,601,2,8,05Aug2020,3,2020
2876.0,1,627,1,3,15Aug2020,2,2020
2926.0,15,4418,2,11,31Aug2020,7,2020
2929.0,54,32874,12,18,01Sep2020,13,2020
2930.0,40,29107,18,8,02Sep2020,17,2020
2935.0,23,3986,5,7,03Sep2020,15,2020
2936.0,4,1566,1,1,04Sep2020,3,2020
2937.0,11,2674,4,5,04Sep2020,8,2020
2938.0,8,4138,13,18,18Sep2020,7,2020
2972.0,6,1989,1,2,12Sep2020,3,2020
2976.0,0,0,0,0,13Sep2020,1,2020
2981.0,2,885,4,2,27Sep2021,2,2021
2997.0,11,1407,5,2,10Oct2020,3,2020
3005.0,5,1930,0,4,25Sep2020,2,2020
3009.0,0,0,0,0,21Jan2022,1,2022
3026.0,2,1865,2,4,06Oct2020,2,2020
3030.0,1,1872,2,2,09Oct2020,2,2020
3041.0,3,1645,0,2,13Oct2020,4,2020
3044.0,0,0,0,0,14Oct2020,1,2020
3045.0,0,0,0,0,14Oct2020,1,2020
3046.0,0,0,0,0,14Oct2020,1,2020
3074.0,190,31808,125,122,09Sep2022,38,2022
3076.0,10,2704,4,5,28Oct2020,6,2020
3091.0,2,2549,3,25,03Nov2020,3,2020
3143.0,9,3179,27,1,24Dec2020,9,2020
3155.0,16,2840,4,8,07Dec2020,9,2020
3156.0,26,6804,19,11,03Dec2020,8,2020
3198.0,2,23062,4,1,13Jan2021,3,2021
3220.0,13,3549,1,5,01Mar2021,6,2021
3267.0,3,2006,0,2,14Feb2021,1,2021
3298.0,29,7945,21,12,26Feb2021,9,2021
3300.0,8,2299,1,6,27Feb2021,4,2021
3322.0,24,2751,9,6,04Mar2021,9,2021
3326.0,16,11336,26,7,04Mar2021,9,2021
3368.0,114,21204,355,13,12Mar2021,43,2021
3372.0,25,6744,56,4,15Mar2021,17,2021
3382.0,6,2641,11,3,15Mar2021,7,2021
3386.0,1,727,0,3,27Mar2021,1,2021
3416.0,25,2826,17,9,18Mar2021,5,2021
3436.0,8,2139,3,4,26Mar2021,4,2021
3448.0,5,2115,1,4,29Mar2021,2,2021
3450.0,30,4314,8,18,29Mar2021,7,2021
3455.0,0,0,0,0,01Apr2021,1,2021
3475.0,35,4506,15,20,23Mar2022,16,2022
3520.0,0,0,0,0,20Apr2021,1,2021
3521.0,7,2054,6,3,21Apr2021,4,2021
3529.0,7,23672,4,3,25Apr2021,6,2021
3534.0,0,0,0,0,28Apr2021,1,2021
3554.0,12,9345,6,5,09May2021,6,2021
3561.0,4,2095,0,3,18Mar2021,2,2021
3569.0,0,0,0,0,25Sep2021,1,2021
3643.0,8,4919,2,9,12Aug2021,5,2021
3651.0,11,13315,6,5,12Jul2021,5,2021
3668.0,0,0,0,0,22Sep2022,1,2022
3670.0,3,11277,1,2,20Jul2021,3,2021
3675.0,7,23595,7,9,22Jul2021,4,2021
3690.0,8,2524,2,3,06Aug2021,4,2021
3722.0,80,6664,94,27,31Jul2021,16,2021
3772.0,0,0,0,0,24Sep2021,1,2021
3779.0,20,2546,7,6,30Aug2021,4,2021
3855.0,20,14437,15,4,06Sep2021,11,2021
3860.0,16,13286,5,11,07Sep2021,9,2021
3978.0,5,2228,4,2,16Sep2021,3,2021
4200.0,37,4253,9,15,22Sep2021,8,2021
4337.0,4,430,0,1,17Apr2023,4,2023
4345.0,7,27038,11,4,05Oct2021,4,2021
4361.0,30,9561,33,18,14Oct2021,18,2021
4396.0,1,1666,3,2,29Oct2021,2,2021
4399.0,59,18742,20,14,17Sep2022,16,2022
4430.0,2,1396,4,2,31Mar2022,3,2022
4444.0,35,6415,28,3,10Nov2021,19,2021
4488.0,16,14161,24,10,24Nov2021,15,2021
4494.0,35,6375,29,18,21Nov2021,11,2021
4519.0,0,0,0,0,27Jul2022,1,2022
4573.0,5,1768,0,0,16Dec2021,2,2021
4626.0,107,18292,52,37,05Jan2022,31,2022
4736.0,12,3487,15,8,31Jan2022,6,2022
4747.0,3,1458,1,5,09Feb2022,3,2022
4750.0,22,3099,4,7,03Feb2022,8,2022
4758.0,39,10513,44,17,25Mar2022,23,2022
4788.0,40,6748,22,18,13Feb2022,17,2022
4799.0,3,1600,2,2,23Feb2022,3,2022
4803.0,3,1502,3,5,14Feb2022,2,2022
4804.0,57,6704,36,36,14Feb2022,12,2022
4834.0,14,2287,2,4,22Feb2022,5,2022
4844.0,43,14335,47,43,07Jul2023,31,2023
4881.0,9,2160,1,4,08Mar2022,3,2022
4885.0,12,2868,5,3,07Mar2022,4,2022
4886.0,5,2139,2,4,09Mar2022,4,2022
4895.0,51,8493,14,21,10Mar2022,15,2022
4906.0,9,3397,11,3,13Mar2022,8,2022
4907.0,38,10495,36,22,11Mar2022,23,2022
4931.0,2,1353,1,2,22Mar2022,3,2022
4938.0,2,1335,0,1,11Apr2022,3,2022
4955.0,6,2000,2,4,29Mar2022,3,2022
4972.0,10,2221,6,4,04Apr2022,5,2022
4973.0,175,16719,194,50,05Apr2022,34,2022
4974.0,36,4484,38,17,02Apr2022,12,2022
4987.0,32,5646,22,14,23Sep2021,10,2021
5000.0,6,2032,4,5,13Jul2022,4,2022
5003.0,3,1901,8,2,20Apr2022,3,2022
5007.0,7,1922,4,2,15Apr2022,4,2022
5008.0,9,2408,0,1,15Apr2022,6,2022
5018.0,2,1383,1,3,18Apr2022,2,2022
5027.0,10,2161,3,3,21Apr2022,5,2022
5050.0,2,2112,0,1,12Jul2022,2,2022
5058.0,6,2211,1,10,08May2022,6,2022
5065.0,14,3447,31,2,01May2022,10,2022
5081.0,19,2474,3,9,08May2022,4,2022
5131.0,22,2778,6,7,03Jun2022,6,2022
5133.0,10,10946,11,9,14Jun2022,6,2022
5143.0,8,1940,7,5,09Jun2022,5,2022
5164.0,62,8686,28,25,17Jun2022,12,2022
5169.0,12,2568,7,4,19Jun2022,5,2022
5185.0,13,3264,8,4,28Apr2022,6,2022
5202.0,5,1489,1,1,05Jul2022,3,2022
5216.0,8,1931,5,3,11Jul2022,4,2022
5218.0,2,1808,1,3,12Jul2022,2,2022
5219.0,34,2648,3,7,11Jul2022,5,2022
5247.0,2,1323,1,1,14Jul2022,2,2022
5267.0,41,3898,22,11,15Jul2022,10,2022
5269.0,19,2489,16,5,16Jul2022,6,2022
5283.0,3,1513,1,6,03Aug2022,2,2022
5289.0,26,2359,2,2,18Jul2022,6,2022
5298.0,6,1451,2,2,14Aug2022,2,2022
5313.0,9,1704,10,2,22Jul2022,5,2022
5334.0,1,1342,0,0,25Jul2022,2,2022
5375.0,7,1774,5,4,30Jul2022,3,2022
5380.0,8,1726,1,2,31Jul2022,3,2022
5409.0,0,0,0,0,04Aug2022,1,2022
5437.0,1,1161,1,0,09Aug2022,2,2022
5453.0,10,2254,3,11,12Aug2022,4,2022
5478.0,10,1838,3,3,17Aug2022,4,2022
5484.0,29,4249,27,8,18Aug2022,6,2022
5485.0,4,1296,3,0,18Aug2022,4,2022
5496.0,2,1579,0,4,18Aug2022,3,2022
5501.0,0,0,0,0,18Aug2022,1,2022
5516.0,6,2004,5,2,22Aug2022,4,2022
5521.0,30,3495,9,6,10Aug2022,13,2022
5539.0,3,1117,5,3,29Aug2022,3,2022
5553.0,3,1362,0,2,28Aug2022,1,2022
5559.0,10,1494,2,3,29Aug2022,3,2022
5560.0,6,1884,6,8,30Aug2022,4,2022
5564.0,10,3086,9,9,31Aug2022,5,2022
5568.0,3,1103,0,1,01Sep2022,2,2022
5573.0,34,4182,17,7,01Sep2022,8,2022
5604.0,13,2970,18,5,06Sep2022,7,2022
5606.0,7,2310,10,5,06Sep2022,4,2022
5615.0,13,1923,1,4,07Sep2022,6,2022
5625.0,7,2008,6,6,08Sep2022,4,2022
5630.0,123,7932,70,40,08Sep2022,20,2022
5633.0,20,3380,17,2,09Sep2022,9,2022
5635.0,6,1586,0,1,09Sep2022,6,2022
5639.0,2,1632,5,3,20Sep2022,3,2022
5643.0,42,10472,39,6,10Sep2022,24,2022
5646.0,8,2090,5,4,11Sep2022,3,2022
5656.0,18,2444,10,10,15Sep2022,9,2022
5700.0,5,1876,1,3,27Sep2022,4,2022
5727.0,9,2918,8,6,28Sep2022,6,2022
5732.0,11,1871,1,13,29Sep2022,3,2022
5749.0,63,5853,25,21,05Oct2022,9,2022
5750.0,19,2060,1,11,04Oct2022,3,2022
5773.0,31,3973,18,20,15Oct2022,7,2022
5793.0,3,1629,1,4,18Oct2022,2,2022
5805.0,6,1782,6,3,20Oct2022,5,2022
5806.0,9,1739,3,3,20Oct2022,6,2022
5827.0,7,1882,7,1,15Aug2022,4,2022
5850.0,0,0,0,0,31Oct2022,1,2022
5851.0,13,2164,7,3,29Oct2022,7,2022
5902.0,0,0,0,0,14Nov2022,1,2022
5920.0,30,3114,12,7,11Nov2022,9,2022
5982.0,16,1992,4,7,16Nov2022,4,2022
5988.0,20,2913,12,12,17Nov2022,11,2022
6047.0,23,1835,8,6,26Nov2022,5,2022
6065.0,15,12246,28,7,30Nov2022,4,2022
6066.0,9,1533,6,6,30Nov2022,4,2022
6093.0,18,3296,17,18,06Dec2022,7,2022
6110.0,7,1879,6,2,09Dec2022,3,2022
6122.0,1,1101,1,0,13Dec2022,2,2022
6123.0,8,2267,3,3,13Dec2022,3,2022
6147.0,11,2226,2,4,07Dec2022,4,2022
6170.0,4,2218,7,1,18Dec2022,3,2022
6188.0,16,2059,4,2,20Dec2022,2,2022
6220.0,1,1579,2,10,27Dec2022,2,2022
6224.0,13,2098,12,7,29Dec2022,3,2022
6239.0,3,2172,4,8,30Dec2022,2,2022
6268.0,8,1937,3,6,17Dec2022,5,2022
6327.0,9,1499,4,3,13Jan2023,4,2023
6357.0,11,1296,3,12,18Jan2023,5,2023
6358.0,0,0,0,0,19Jan2023,1,2023
6366.0,6,2141,4,5,01May2022,2,2022
6372.0,1,1095,2,3,25Jan2023,2,2023
6381.0,31,2421,20,12,26Jan2023,7,2023
6384.0,32,2887,16,11,30Jan2023,11,2023
6404.0,17,2613,4,16,31Jan2023,3,2023
6465.0,5,1287,1,3,08Feb2023,3,2023
6466.0,4,1181,0,3,08Feb2023,2,2023
6475.0,17,1557,4,11,09Feb2023,5,2023
6492.0,52,3332,11,10,10Feb2023,11,2023
6493.0,10,1479,3,7,25Feb2023,3,2023
6596.0,5,1374,2,3,28Feb2023,3,2023
6662.0,11,2427,11,4,09Mar2023,6,2023
6672.0,1,1869,13,2,13Mar2023,2,2023
6780.0,19,3670,24,16,25Mar2023,15,2023
6785.0,4,1240,0,1,27Mar2023,2,2023
6786.0,2,991,0,3,27Mar2023,2,2023
6789.0,18,2884,67,4,27Mar2023,18,2023
6808.0,0,0,0,0,31Mar2023,1,2023
6809.0,0,0,0,0,31Mar2023,1,2023
6810.0,0,0,0,0,01Apr2023,1,2023
6821.0,5,979,7,3,03Apr2023,3,2023
6823.0,3,922,0,1,03Apr2023,3,2023
6865.0,2,1027,0,2,12Apr2023,2,2023
6888.0,2,523,2,0,15Apr2023,2,2023
6900.0,49,10096,93,44,19Apr2023,18,2023
6913.0,20,1875,9,4,19Apr2023,3,2023
6956.0,8,2331,8,13,29Apr2023,2,2023
6960.0,0,0,0,0,30Apr2023,1,2023
6968.0,25,5223,24,7,08May2023,21,2023
6981.0,18,1253,9,2,03May2023,5,2023
6988.0,0,0,0,0,19May2023,1,2023
7045.0,2,986,0,2,18May2023,2,2023
7053.0,3,1093,5,1,22May2023,4,2023
7069.0,10,1389,3,4,25May2023,7,2023
