EIP Number,Date
1,10/27/2015
100,4/28/2016
101,11/15/2015
1010,4/18/2018
1011,4/20/2018
1013,4/20/2018
1014,4/20/2018
1015,4/20/2018
1046,4/13/2018
1051,5/2/2018
1052,5/2/2018
1056,5/3/2018
1057,5/2/2018
1062,5/2/2018
1066,5/5/2018
107,6/5/2016
1077,5/4/2018
1078,5/4/2018
1080,5/2/2018
1081,5/14/2018
1087,5/17/2018
1102,5/4/2018
1108,5/21/2018
1109,5/22/2018
1123,6/1/2018
1129,5/31/2018
1132,6/3/2018
1153,6/15/2018
1154,6/13/2018
1155,6/17/2018
1167,6/22/2018
1175,6/21/2018
1178,6/22/2018
1185,6/26/2018
1186,6/24/2018
1191,3/18/2018
1193,6/30/2018
1202,7/8/2018
1203,7/1/2018
1207,7/10/2018
1227,7/18/2018
1234,7/19/2018
1240,7/21/2018
1261,7/14/2018
1271,7/25/2018
1276,7/31/2018
1283,8/1/2018
1285,8/1/2018
1295,8/5/2018
1319,8/13/2018
1328,8/15/2018
1337,8/1/2018
1344,8/22/2018
1352,7/27/2018
1355,8/26/2018
1363,1/31/2020
137,4/4/2016
1380,8/31/2018
1386,9/8/2018
1387,9/8/2018
1388,9/8/2018
140,2/6/2017
141,2/9/2017
1417,9/16/2018
1418,9/16/2018
1438,9/21/2018
1444,9/23/2018
145,2/13/2017
1450,9/25/2018
1459,9/26/2018
1462,10/1/2018
1470,9/18/2018
1474,10/2/2018
1482,10/9/2018
1484,10/12/2018
1485,11/1/2018
1491,10/12/2018
150,9/24/2016
1504,10/17/2018
152,10/4/2016
1523,10/10/2018
1538,10/31/2018
155,10/14/2016
1559,4/13/2019
1571,11/9/2018
1577,11/13/2018
158,10/16/2016
1581,11/13/2018
1588,11/16/2018
1592,11/9/2018
160,10/20/2016
161,10/24/2016
1613,11/18/2018
1616,11/23/2018
162,10/25/2016
1620,11/24/2018
1633,11/18/2018
165,1/23/2018
1679,1/4/2019
1681,1/8/2019
1682,11/10/2018
170,11/4/2016
1702,12/30/2017
1706,1/15/2019
1710,1/13/2019
1716,1/21/2019
173,6/7/2018
1753,2/6/2019
1761,2/18/2019
1767,2/14/2019
1775,2/20/2019
1803,7/28/2017
181,12/1/2016
1812,3/3/2019
1820,3/4/2019
1822,3/4/2019
1829,3/6/2019
1844,3/15/2019
1872,3/25/2018
1884,3/28/2019
1890,3/31/2019
1895,3/31/2018
1898,4/1/2019
190,1/10/2017
1900,3/28/2019
1901,2/25/2019
191,1/20/2016
1921,4/6/2019
1922,9/14/2018
1923,12/22/2018
1930,4/10/2019
1948,4/18/2019
1959,4/20/2019
196,2/2/2017
1962,4/22/2019
1965,4/20/2019
1967,4/24/2019
197,2/6/2017
1973,4/1/2019
198,1/30/2017
1985,8/1/2018
1996,4/10/2019
2,11/15/2015
20,11/19/2015
2003,5/9/2019
2009,5/9/2019
2014,5/10/2019
2015,5/12/2019
2018,4/30/2019
2019,5/10/2019
2020,5/10/2019
2021,5/10/2019
2025,4/20/2019
2026,5/14/2019
2027,5/14/2019
2028,5/3/2019
2029,5/15/2019
2031,5/15/2019
2035,5/16/2019
2045,5/17/2019
2046,5/17/2019
205,2/6/2017
2069,2/11/2017
2070,5/20/2019
2098,3/14/2019
210,2/10/2017
211,2/13/2017
2124,5/3/2019
2135,6/23/2019
214,2/13/2017
2157,6/28/2019
2159,7/1/2019
2193,7/16/2019
2200,7/18/2019
2228,8/4/2019
223,5/3/2017
2242,8/16/2019
225,3/6/2017
2255,8/22/2019
2256,8/29/2019
2266,8/17/2019
2294,9/19/2019
2304,9/9/2019
2309,10/8/2019
2315,10/17/2019
2327,10/28/2019
233,3/23/2017
2330,10/29/2019
2333,9/30/2019
2334,9/30/2019
2335,9/30/2019
234,3/24/2017
2364,11/8/2019
2378,11/13/2019
2384,11/20/2019
2386,11/21/2019
2387,11/22/2019
2390,11/15/2019
2400,11/5/2019
2458,1/6/2020
2464,1/13/2020
2470,1/15/2020
2474,1/19/2020
2477,1/2/2020
2481,1/17/2020
2488,12/20/2019
2494,1/29/2020
2515,2/10/2020
2520,2/18/2020
2525,2/19/2020
2535,2/22/2020
2537,2/21/2020
2539,2/26/2020
2542,2/29/2020
2544,2/28/2020
2565,3/20/2020
2566,3/23/2020
2569,3/28/2020
2583,2/21/2020
2584,4/3/2020
2593,3/13/2020
2612,4/13/2020
2615,4/25/2020
2645,5/13/2020
2657,4/19/2020
2666,5/22/2020
2677,5/18/2020
2678,5/26/2020
2680,5/29/2020
2681,4/25/2020
2696,6/4/2020
2700,6/5/2020
2711,6/11/2020
2718,6/13/2020
2733,6/16/2020
2746,6/20/2020
2767,7/4/2020
2770,7/1/2020
2771,7/1/2020
2780,7/11/2020
2786,7/15/2020
2803,7/18/2020
2831,7/26/2020
2844,8/1/2020
2848,8/2/2020
2876,8/13/2020
2917,8/28/2020
2926,8/25/2020
2929,9/1/2020
2930,8/29/2020
2935,9/3/2020
2936,9/3/2020
2937,9/4/2020
2938,9/4/2020
2942,9/4/2020
2970,9/13/2020
2972,9/12/2020
2976,9/13/2020
2980,9/8/2020
2981,9/15/2020
2982,9/15/2020
2997,9/24/2020
3,11/19/2015
3000,9/24/2020
3005,9/25/2020
3009,9/28/2020
3014,9/30/2020
3026,10/5/2020
3030,9/30/2020
3041,10/13/2020
3044,10/14/2020
3045,10/14/2020
3046,10/14/2020
3068,10/23/2020
3074,10/15/2020
3076,10/27/2020
3085,11/1/2020
3091,11/2/2020
3102,9/1/2020
3135,8/10/2020
3143,12/1/2020
3155,12/7/2020
3156,11/15/2020
3198,1/13/2021
3220,10/21/2020
3224,1/23/2021
3234,1/31/2021
3238,1/25/2021
3267,2/13/2021
3298,2/26/2021
3300,2/26/2020
3322,3/4/2020
3326,3/4/2021
3332,3/5/2021
3336,3/6/2021
3337,3/6/2021
3338,3/7/2021
3368,3/12/2021
3372,3/13/2021
3374,3/13/2021
3382,3/13/2021
3386,3/12/2021
3403,3/16/2021
3416,3/18/2021
3436,3/25/2021
3440,4/20/2021
3448,3/29/2021
3450,3/29/2021
3455,4/1/2021
3475,4/5/2021
3508,4/16/2021
3520,4/16/2021
3521,4/15/2021
3525,12/1/2020
3529,4/22/2021
3534,4/20/2021
3540,3/16/2021
3541,3/16/2021
3554,5/6/2021
3561,5/9/2021
3569,5/7/2021
3584,5/22/2021
3589,5/24/2021
3607,6/10/2021
3643,7/9/2021
3651,7/12/2021
3668,7/19/2020
3670,6/23/2021
3675,7/22/2021
3690,6/23/2021
3709,8/7/2021
3722,7/31/2021
3754,8/21/2021
3756,8/21/2021
3770,8/26/2021
3772,8/27/2021
3779,8/30/2021
3788,9/2/2021
3855,2/19/2021
3860,7/16/2021
3978,9/16/2021
4,11/17/2015
4200,7/16/2021
4337,9/29/2021
4341,10/1/2021
4345,10/5/2021
4353,10/8/2021
4361,10/11/2021
4393,10/24/2021
4396,10/28/2021
4399,10/30/2021
4400,10/30/2021
4430,11/7/2021
4444,11/2/2021
4488,11/23/2021
4494,11/25/2021
4519,12/3/2021
4520,12/1/2021
4521,12/13/2021
4524,12/5/2021
4527,12/7/2021
4546,12/11/2021
4573,12/16/2021
4626,12/22/2021
4671,1/13/2022
4675,1/13/2022
4736,1/30/2022
4747,2/2/2022
4750,1/10/2022
4758,2/3/2022
4760,2/3/2022
4762,2/3/2022
4788,2/10/2022
4799,2/13/2022
4803,2/2/2022
4804,2/14/2022
4824,2/17/2022
4834,2/22/2022
4844,2/25/2022
4863,2/28/2022
4881,1/29/2021
4883,3/8/2022
4885,3/8/2022
4886,9/3/2022
4895,3/10/2022
4906,3/13/2022
4907,3/11/2022
4910,3/14/2022
4931,11/2/2021
4938,3/23/2022
4944,3/25/2022
4950,3/28/2022
4955,3/29/2022
4972,4/4/2022
4973,4/1/2022
4974,4/2/2022
4987,9/21/2021
5,11/22/2015
5000,3/14/2022
5003,3/26/2022
5005,4/14/2022
5006,4/12/2022
5007,4/13/2022
5008,4/10/2022
5018,4/18/2022
5022,4/20/2022
5023,1/28/2022
5027,4/21/2022
5058,4/30/2022
5065,4/30/2022
5069,5/2/2022
5081,5/6/2022
5094,5/13/2022
5095,5/1/2022
5114,5/30/2022
5115,5/30/2022
5131,6/3/2022
5133,6/1/2022
5139,6/6/2022
5143,6/9/2022
5164,6/14/2022
5169,5/3/2022
5173,5/8/2022
5185,6/27/2022
5187,4/17/2022
5189,6/29/2022
5192,7/1/2022
5202,6/23/2022
5216,7/11/2022
5218,7/11/2022
5219,7/10/2022
5247,7/13/2022
5252,6/29/2022
5267,7/14/2022
5269,7/15/2022
5283,7/17/2022
5289,7/16/2022
5298,7/12/2022
5313,7/22/2022
5334,7/25/2022
5345,7/26/2022
5375,7/30/2022
5380,3/11/2022
5409,7/23/2022
5437,8/9/2022
5450,8/12/2022
5453,8/12/2022
5478,8/17/2022
5484,8/17/2022
5485,8/17/2022
5489,8/16/2022
5496,7/30/2022
55,1/14/2016
5501,8/18/2022
5505,8/18/2022
5507,8/19/2022
5516,8/19/2022
5521,8/10/2022
5528,8/16/2022
5539,8/26/2022
5553,8/17/2022
5554,7/7/2022
5559,6/23/2022
5560,8/30/2022
5564,8/13/2022
5568,8/31/2022
5570,9/1/2022
5573,7/20/2021
5585,8/15/2022
5593,9/5/2022
5604,9/5/2022
5606,9/6/2022
5615,5/25/2023
5625,9/8/2022
5630,9/7/2022
5633,9/9/2022
5635,8/10/2022
5639,9/9/2022
5643,9/10/2022
5646,9/11/2022
5656,2/1/2021
5679,9/17/2022
5700,9/22/2022
5719,9/26/2022
5725,9/8/2022
5727,9/28/2022
5732,9/29/2022
5744,9/29/2022
5749,10/4/2022
5750,10/4/2022
5753,10/5/2022
5757,9/30/2022
5773,10/10/2022
5791,10/17/2022
5792,10/17/2022
5793,10/18/2022
5805,7/4/2022
5806,10/20/2022
5827,10/22/2022
5850,10/29/2022
5851,10/18/2022
5883,7/19/2022
5902,11/9/2022
5920,3/14/2022
5982,11/15/2022
5988,11/15/2022
6,11/22/2015
600,4/13/2017
601,4/13/2017
6046,11/25/2022
6047,11/26/2022
6049,11/27/2022
6051,11/21/2022
6059,11/15/2022
606,4/23/2017
6065,11/29/2022
6066,11/29/2022
607,4/23/2017
608,4/23/2017
609,4/23/2017
6093,12/6/2022
6105,12/2/2022
6110,12/9/2022
6120,12/12/2022
6122,12/13/2022
6123,12/13/2022
6147,12/7/2022
615,12/10/2016
6150,12/15/2022
616,4/25/2017
6170,12/19/2022
6188,12/20/2022
6189,12/20/2022
6190,12/20/2022
6206,12/21/2022
6220,12/20/2022
6224,12/27/2022
6239,12/30/2022
6268,1/6/2022
627,5/5/2017
6315,1/11/2023
6327,1/13/2023
634,5/17/2017
6353,5/13/2022
6357,1/18/2023
6358,1/17/2023
6366,1/19/2022
6372,1/25/2023
6381,1/22/2023
6384,1/8/2023
6404,1/30/2023
6454,1/31/2023
6464,2/2/2023
6465,2/8/2023
6466,2/8/2023
6475,2/9/2023
649,6/21/2017
6492,2/10/2023
6493,2/24/2023
6506,2/15/2023
6538,1/24/2023
6551,2/23/2023
658,6/30/2017
6596,2/28/2023
6604,3/3/2023
6617,2/27/2023
663,7/3/2017
665,3/25/2018
6662,3/9/2023
6672,2/21/2023
6682,3/12/2023
6690,3/15/2023
67,2/17/2016
6734,3/20/2023
6735,3/20/2022
6780,3/25/2023
6785,3/27/2023
6786,3/27/2023
6787,3/27/2023
6789,3/27/2023
6800,3/17/2023
6806,3/30/2023
6808,3/31/2023
6809,3/31/2023
681,8/1/2017
6810,4/1/2023
6811,4/1/2023
6821,4/2/2023
6823,3/29/2023
684,3/20/2023
6864,4/5/2023
6865,4/10/2023
6873,4/14/2023
6888,4/16/2023
689,8/15/2017
6900,4/18/2023
6909,4/19/2023
6913,4/20/2023
6916,4/10/2023
6944,4/27/2023
695,8/21/2017
6953,4/28/2023
6956,4/29/2023
6960,4/30/2023
6963,5/1/2023
6968,5/1/2023
698,8/28/2017
6981,4/25/2023
6982,5/2/2023
6988,5/4/2023
6997,5/7/2023
7,11/15/2015
7002,5/9/2023
7007,5/10/2023
7015,5/11/2023
7039,5/15/2023
7044,5/18/2023
7045,5/18/2023
7053,5/22/2023
706,9/7/2017
7066,5/25/2023
7069,5/5/2023
7085,5/2/2023
7092,5/28/2023
7093,5/29/2023
712,9/12/2017
7144,5/7/2023
7160,6/9/2023
7199,6/20/2023
7201,6/20/2023
721,1/24/2018
7212,6/22/2023
7231,6/25/2023
725,10/2/2017
7251,6/28/2023
7266,7/3/2023
7303,7/9/2023
7329,7/13/2023
7377,7/21/2023
7378,7/22/2023
7401,7/26/2023
7405,7/26/2023
7406,7/23/2023
7409,7/26/2023
7412,7/26/2023
7425,6/30/2023
7432,7/14/2023
7441,9/1/2023
7444,6/5/2023
747,8/13/2018
7480,8/11/2023
7495,8/18/2023
7503,8/14/2023
7507,8/24/2023
7508,8/15/2023
7511,9/4/2023
7512,9/5/2023
7514,9/7/2023
7516,9/11/2023
7519,9/16/2023
7521,9/19/2023
7522,9/20/2023
7523,9/19/2023
758,11/9/2017
777,11/20/2017
778,11/23/2017
779,11/26/2017
8,12/18/2015
801,12/16/2017
820,1/5/2018
823,1/6/2018
831,1/15/2018
858,1/29/2018
86,2/10/2017
867,2/2/2018
868,2/2/2018
875,2/8/2018
884,2/14/2018
897,2/21/2018
900,2/22/2018
902,2/14/2018
908,3/1/2018
918,3/7/2018
926,3/12/2018
927,3/12/2018
969,4/3/2018
998,7/7/2018
999,4/4/2018
